|1|CAT|4|TAK|INDOOR|TAK|2022-02-02
|2|DOG|16|TAK|OUTDOOR|NIE|2022-02-02
|3|CAT|6|TAK|INDOOR|TAK|2022-02-02
|4|DOG|14|NIE|ANY|TAK|2022-02-02
|5|CAT|0|TAK|INDOOR|TAK|2022-02-02
|6|CAT|8|NIE|INDOOR|TAK|2022-02-02
|7|DOG|14|TAK|OUTDOOR|NIE|2022-02-02
|8|DOG|18|TAK|ANY|TAK|2022-02-02
|1|DOG|1|NIE|ANY|TAK|2022-02-03
|2|CAT|17|TAK|INDOOR|TAK|2022-02-03
|3|DOG|10|NIE|INDOOR|NIE|2022-02-03
|4|CAT|1|NIE|OUTDOOR|TAK|2022-02-03
|5|DOG|3|TAK|ANY|TAK|2022-02-03
|6|DOG|7|TAK|ANY|TAK|2022-02-03
|7|DOG|6|TAK|INDOOR|TAK|2022-02-03
|8|DOG|16|TAK|ANY|TAK|2022-02-03
|1|CAT|16|NIE|OUTDOOR|TAK|2022-02-04
|2|DOG|12|NIE|OUTDOOR|TAK|2022-02-04
|3|CAT|19|TAK|OUTDOOR|TAK|2022-02-04
|4|DOG|4|NIE|OUTDOOR|TAK|2022-02-04
|5|DOG|7|NIE|OUTDOOR|NIE|2022-02-04
|6|DOG|16|NIE|ANY|TAK|2022-02-04
|7|CAT|0|NIE|ANY|TAK|2022-02-04
|8|CAT|0|TAK|INDOOR|NIE|2022-02-04
|1|DOG|5|TAK|OUTDOOR|NIE|2022-02-05
|2|CAT|15|TAK|ANY|NIE|2022-02-05
|3|CAT|6|TAK|ANY|NIE|2022-02-05
|4|CAT|14|TAK|OUTDOOR|NIE|2022-02-05
|5|CAT|11|NIE|INDOOR|NIE|2022-02-05
|6|DOG|1|TAK|ANY|NIE|2022-02-05
|7|DOG|15|NIE|OUTDOOR|NIE|2022-02-05
|8|CAT|19|TAK|OUTDOOR|NIE|2022-02-05
|9|DOG|10|NIE|OUTDOOR|NIE|2022-02-05
|1|DOG|12|TAK|INDOOR|NIE|2022-02-06
|2|DOG|14|TAK|OUTDOOR|TAK|2022-02-06
|3|CAT|5|NIE|INDOOR|NIE|2022-02-06
|4|DOG|0|NIE|OUTDOOR|NIE|2022-02-06
|5|DOG|8|TAK|INDOOR|TAK|2022-02-06
|6|CAT|0|TAK|INDOOR|TAK|2022-02-06
|7|DOG|15|TAK|OUTDOOR|TAK|2022-02-06
|8|CAT|16|TAK|OUTDOOR|NIE|2022-02-06
|9|DOG|9|TAK|ANY|TAK|2022-02-06
|1|DOG|5|NIE|OUTDOOR|TAK|2022-02-07
|2|DOG|4|TAK|INDOOR|TAK|2022-02-07
|3|CAT|2|TAK|OUTDOOR|TAK|2022-02-07
|4|CAT|19|TAK|OUTDOOR|NIE|2022-02-07
|5|CAT|2|NIE|ANY|NIE|2022-02-07
|6|CAT|1|NIE|ANY|NIE|2022-02-07
|7|CAT|5|NIE|ANY|NIE|2022-02-07
|8|DOG|4|TAK|ANY|TAK|2022-02-07
|9|CAT|3|NIE|ANY|NIE|2022-02-07
|10|CAT|7|TAK|INDOOR|NIE|2022-02-07
|11|DOG|12|TAK|OUTDOOR|TAK|2022-02-07
|12|DOG|0|TAK|OUTDOOR|TAK|2022-02-07
|1|DOG|17|TAK|INDOOR|NIE|2022-02-08
|2|DOG|6|TAK|INDOOR|NIE|2022-02-08
|3|CAT|5|TAK|INDOOR|TAK|2022-02-08
|4|CAT|19|TAK|INDOOR|TAK|2022-02-08
|5|CAT|13|NIE|INDOOR|TAK|2022-02-08
|6|CAT|10|NIE|INDOOR|TAK|2022-02-08
|7|CAT|6|NIE|ANY|TAK|2022-02-08
|8|DOG|9|NIE|ANY|TAK|2022-02-08
|9|DOG|7|NIE|OUTDOOR|TAK|2022-02-08
|10|CAT|0|NIE|ANY|TAK|2022-02-08
|11|DOG|3|NIE|OUTDOOR|NIE|2022-02-08
|12|DOG|4|TAK|OUTDOOR|TAK|2022-02-08
|13|DOG|15|TAK|INDOOR|NIE|2022-02-08
|1|DOG|17|TAK|OUTDOOR|NIE|2022-02-09
|2|CAT|17|TAK|ANY|NIE|2022-02-09
|3|DOG|0|NIE|ANY|TAK|2022-02-09
|4|CAT|5|TAK|INDOOR|TAK|2022-02-09
|5|DOG|9|TAK|INDOOR|TAK|2022-02-09
|6|CAT|12|NIE|OUTDOOR|NIE|2022-02-09
|7|DOG|5|NIE|INDOOR|TAK|2022-02-09
|8|DOG|0|NIE|OUTDOOR|NIE|2022-02-09
|9|DOG|4|NIE|INDOOR|TAK|2022-02-09
|10|DOG|9|TAK|INDOOR|TAK|2022-02-09
|11|DOG|16|NIE|OUTDOOR|TAK|2022-02-09
|12|DOG|2|NIE|ANY|TAK|2022-02-09
|13|CAT|15|TAK|OUTDOOR|NIE|2022-02-09
|14|DOG|3|TAK|INDOOR|NIE|2022-02-09
|15|CAT|4|NIE|OUTDOOR|TAK|2022-02-09
|16|DOG|4|TAK|ANY|TAK|2022-02-09
|17|CAT|7|TAK|OUTDOOR|TAK|2022-02-09
|18|DOG|17|TAK|OUTDOOR|TAK|2022-02-09
|19|CAT|12|TAK|OUTDOOR|NIE|2022-02-09
|1|DOG|4|TAK|OUTDOOR|NIE|2022-02-10
|2|DOG|16|NIE|ANY|TAK|2022-02-10
|3|DOG|1|NIE|OUTDOOR|NIE|2022-02-10
|4|DOG|7|NIE|INDOOR|NIE|2022-02-10
|5|DOG|8|TAK|INDOOR|TAK|2022-02-10
|6|DOG|14|NIE|OUTDOOR|NIE|2022-02-10
|7|DOG|9|TAK|OUTDOOR|NIE|2022-02-10
|8|DOG|6|NIE|ANY|TAK|2022-02-10
|9|CAT|15|NIE|INDOOR|NIE|2022-02-10
|10|DOG|18|TAK|ANY|TAK|2022-02-10
|11|DOG|14|TAK|ANY|TAK|2022-02-10
|12|CAT|1|TAK|OUTDOOR|NIE|2022-02-10
|13|DOG|16|TAK|INDOOR|TAK|2022-02-10
|14|CAT|5|TAK|ANY|TAK|2022-02-10
|15|DOG|19|TAK|OUTDOOR|TAK|2022-02-10
|16|CAT|17|TAK|INDOOR|NIE|2022-02-10
|17|CAT|12|TAK|ANY|NIE|2022-02-10
|18|DOG|11|NIE|INDOOR|TAK|2022-02-10
|19|DOG|5|TAK|OUTDOOR|TAK|2022-02-10
|20|DOG|2|NIE|OUTDOOR|NIE|2022-02-10
|21|CAT|19|TAK|INDOOR|TAK|2022-02-10
|22|CAT|8|TAK|INDOOR|NIE|2022-02-10
|23|CAT|8|NIE|OUTDOOR|NIE|2022-02-10
|24|DOG|4|NIE|ANY|NIE|2022-02-10
|25|CAT|18|NIE|OUTDOOR|TAK|2022-02-10
|1|CAT|2|TAK|OUTDOOR|TAK|2022-02-11
|3|DOG|18|TAK|ANY|TAK|2022-02-11
|5|CAT|13|TAK|OUTDOOR|TAK|2022-02-11
|6|DOG|14|NIE|OUTDOOR|TAK|2022-02-11
|7|DOG|11|TAK|OUTDOOR|NIE|2022-02-11
|8|DOG|18|NIE|OUTDOOR|TAK|2022-02-11
|9|DOG|17|NIE|ANY|TAK|2022-02-11
|10|DOG|14|NIE|INDOOR|TAK|2022-02-11
|12|CAT|14|NIE|OUTDOOR|NIE|2022-02-11
|13|CAT|2|TAK|INDOOR|NIE|2022-02-11
|14|CAT|4|NIE|INDOOR|TAK|2022-02-11
|15|CAT|0|TAK|ANY|NIE|2022-02-11
|16|CAT|19|NIE|ANY|NIE|2022-02-11
|17|DOG|1|NIE|ANY|TAK|2022-02-11
|18|DOG|19|NIE|OUTDOOR|NIE|2022-02-11
|21|CAT|16|TAK|ANY|TAK|2022-02-11
|23|DOG|1|TAK|ANY|NIE|2022-02-11
|24|DOG|12|NIE|INDOOR|TAK|2022-02-11
|26|CAT|2|TAK|ANY|NIE|2022-02-11
|1|CAT|10|NIE|INDOOR|TAK|2022-02-12
|3|DOG|18|TAK|ANY|NIE|2022-02-12
|5|CAT|0|NIE|ANY|TAK|2022-02-12
|6|DOG|14|TAK|INDOOR|TAK|2022-02-12
|7|DOG|19|TAK|OUTDOOR|TAK|2022-02-12
|8|CAT|6|TAK|OUTDOOR|TAK|2022-02-12
|9|CAT|9|NIE|OUTDOOR|NIE|2022-02-12
|11|CAT|3|NIE|INDOOR|NIE|2022-02-12
|12|DOG|7|TAK|INDOOR|TAK|2022-02-12
|13|CAT|1|TAK|ANY|NIE|2022-02-12
|14|CAT|8|TAK|OUTDOOR|TAK|2022-02-12
|15|CAT|6|TAK|OUTDOOR|TAK|2022-02-12
|16|CAT|3|NIE|OUTDOOR|TAK|2022-02-12
|17|CAT|16|NIE|OUTDOOR|NIE|2022-02-12
|18|DOG|9|NIE|ANY|TAK|2022-02-12
|19|DOG|11|TAK|INDOOR|TAK|2022-02-12
|20|DOG|4|TAK|ANY|NIE|2022-02-12
|21|DOG|12|NIE|OUTDOOR|NIE|2022-02-12
|22|DOG|5|NIE|INDOOR|NIE|2022-02-12
|24|CAT|19|TAK|INDOOR|NIE|2022-02-12
|25|CAT|9|TAK|INDOOR|TAK|2022-02-12
|26|CAT|9|TAK|OUTDOOR|NIE|2022-02-12
|27|DOG|3|TAK|ANY|NIE|2022-02-12
|28|CAT|18|NIE|ANY|TAK|2022-02-12
|1|CAT|12|TAK|OUTDOOR|NIE|2022-02-13
|2|CAT|16|NIE|INDOOR|NIE|2022-02-13
|3|CAT|13|TAK|OUTDOOR|NIE|2022-02-13
|4|DOG|5|TAK|ANY|TAK|2022-02-13
|5|CAT|13|TAK|ANY|TAK|2022-02-13
|6|DOG|4|TAK|ANY|NIE|2022-02-13
|7|CAT|16|NIE|OUTDOOR|NIE|2022-02-13
|8|DOG|12|TAK|OUTDOOR|TAK|2022-02-13
|9|DOG|16|TAK|INDOOR|NIE|2022-02-13
|11|CAT|19|TAK|OUTDOOR|NIE|2022-02-13
|15|DOG|3|NIE|OUTDOOR|TAK|2022-02-13
|16|DOG|4|TAK|INDOOR|NIE|2022-02-13
|18|DOG|10|TAK|OUTDOOR|TAK|2022-02-13
|19|CAT|13|TAK|OUTDOOR|TAK|2022-02-13
|21|DOG|11|NIE|OUTDOOR|NIE|2022-02-13
|22|DOG|1|TAK|INDOOR|TAK|2022-02-13
|23|CAT|16|TAK|INDOOR|NIE|2022-02-13
|24|DOG|2|TAK|OUTDOOR|NIE|2022-02-13
|28|CAT|13|TAK|OUTDOOR|TAK|2022-02-13
|29|CAT|0|NIE|OUTDOOR|NIE|2022-02-13
|30|DOG|17|NIE|ANY|NIE|2022-02-13
|31|DOG|16|TAK|OUTDOOR|TAK|2022-02-13
|32|CAT|1|NIE|ANY|TAK|2022-02-13
|33|CAT|1|TAK|INDOOR|TAK|2022-02-13
|1|DOG|6|NIE|OUTDOOR|TAK|2022-02-14
|2|DOG|2|NIE|INDOOR|NIE|2022-02-14
|6|DOG|3|NIE|ANY|NIE|2022-02-14
|7|DOG|13|NIE|OUTDOOR|TAK|2022-02-14
|9|CAT|17|NIE|OUTDOOR|TAK|2022-02-14
|10|CAT|13|NIE|OUTDOOR|NIE|2022-02-14
|13|DOG|9|TAK|OUTDOOR|TAK|2022-02-14
|14|CAT|16|TAK|ANY|TAK|2022-02-14
|15|DOG|9|TAK|ANY|TAK|2022-02-14
|16|DOG|13|TAK|OUTDOOR|NIE|2022-02-14
|18|DOG|10|NIE|OUTDOOR|NIE|2022-02-14
|22|DOG|15|TAK|INDOOR|TAK|2022-02-14
|23|CAT|19|TAK|OUTDOOR|NIE|2022-02-14
|25|CAT|8|TAK|INDOOR|TAK|2022-02-14
|26|DOG|12|TAK|ANY|TAK|2022-02-14
|28|DOG|10|TAK|ANY|TAK|2022-02-14
|29|DOG|15|NIE|OUTDOOR|TAK|2022-02-14
|30|CAT|9|TAK|INDOOR|NIE|2022-02-14
|33|DOG|6|NIE|OUTDOOR|NIE|2022-02-14
|34|DOG|6|NIE|OUTDOOR|NIE|2022-02-14
|35|CAT|14|NIE|ANY|NIE|2022-02-14
|2|CAT|17|NIE|ANY|TAK|2022-02-15
|3|DOG|13|TAK|INDOOR|TAK|2022-02-15
|6|CAT|7|NIE|OUTDOOR|TAK|2022-02-15
|7|DOG|4|TAK|INDOOR|NIE|2022-02-15
|8|CAT|12|NIE|ANY|NIE|2022-02-15
|9|CAT|6|NIE|OUTDOOR|TAK|2022-02-15
|12|CAT|2|TAK|OUTDOOR|NIE|2022-02-15
|15|DOG|3|TAK|INDOOR|NIE|2022-02-15
|17|CAT|12|NIE|INDOOR|NIE|2022-02-15
|19|CAT|9|TAK|ANY|TAK|2022-02-15
|24|CAT|7|TAK|OUTDOOR|TAK|2022-02-15
|25|DOG|14|NIE|INDOOR|TAK|2022-02-15
|26|DOG|0|NIE|ANY|NIE|2022-02-15
|27|CAT|10|TAK|ANY|NIE|2022-02-15
|28|DOG|7|TAK|OUTDOOR|TAK|2022-02-15
|30|CAT|9|TAK|INDOOR|TAK|2022-02-15
|33|CAT|17|TAK|ANY|TAK|2022-02-15
|35|CAT|3|NIE|INDOOR|TAK|2022-02-15
|1|DOG|18|TAK|ANY|TAK|2022-02-16
|4|DOG|2|NIE|INDOOR|NIE|2022-02-16
|6|DOG|19|TAK|OUTDOOR|NIE|2022-02-16
|9|CAT|11|NIE|OUTDOOR|TAK|2022-02-16
|10|CAT|9|NIE|OUTDOOR|TAK|2022-02-16
|11|CAT|13|TAK|ANY|TAK|2022-02-16
|12|CAT|16|NIE|ANY|NIE|2022-02-16
|14|CAT|12|NIE|ANY|NIE|2022-02-16
|15|DOG|1|TAK|ANY|NIE|2022-02-16
|17|CAT|14|TAK|OUTDOOR|NIE|2022-02-16
|18|CAT|3|NIE|INDOOR|TAK|2022-02-16
|19|DOG|1|TAK|INDOOR|TAK|2022-02-16
|20|CAT|17|NIE|OUTDOOR|NIE|2022-02-16
|22|CAT|14|NIE|ANY|TAK|2022-02-16
|23|DOG|13|NIE|ANY|NIE|2022-02-16
|25|CAT|11|TAK|ANY|NIE|2022-02-16
|27|DOG|18|NIE|OUTDOOR|NIE|2022-02-16
|28|DOG|2|NIE|OUTDOOR|TAK|2022-02-16
|29|CAT|3|TAK|OUTDOOR|TAK|2022-02-16
|31|DOG|3|NIE|OUTDOOR|NIE|2022-02-16
|32|CAT|9|NIE|ANY|TAK|2022-02-16
|33|CAT|13|NIE|INDOOR|TAK|2022-02-16
|7|CAT|0|TAK|INDOOR|NIE|2022-02-17
|8|DOG|5|NIE|INDOOR|NIE|2022-02-17
|11|DOG|14|NIE|ANY|NIE|2022-02-17
|13|CAT|17|TAK|ANY|TAK|2022-02-17
|14|DOG|2|TAK|INDOOR|TAK|2022-02-17
|15|CAT|2|NIE|OUTDOOR|NIE|2022-02-17
|16|CAT|2|TAK|ANY|TAK|2022-02-17
|18|CAT|10|TAK|INDOOR|TAK|2022-02-17
|19|DOG|9|NIE|INDOOR|TAK|2022-02-17
|21|DOG|14|NIE|INDOOR|TAK|2022-02-17
|22|CAT|1|NIE|OUTDOOR|NIE|2022-02-17
|23|CAT|0|NIE|ANY|NIE|2022-02-17
|24|CAT|2|NIE|INDOOR|NIE|2022-02-17
|25|CAT|13|TAK|OUTDOOR|NIE|2022-02-17
|26|CAT|8|TAK|OUTDOOR|TAK|2022-02-17
|28|CAT|8|TAK|INDOOR|NIE|2022-02-17
|29|CAT|13|TAK|ANY|NIE|2022-02-17
|30|DOG|5|NIE|ANY|NIE|2022-02-17
|32|CAT|16|NIE|OUTDOOR|TAK|2022-02-17
|1|CAT|10|TAK|INDOOR|NIE|2022-02-18
|3|CAT|10|TAK|OUTDOOR|TAK|2022-02-18
|4|CAT|9|TAK|ANY|NIE|2022-02-18
|5|DOG|16|NIE|ANY|NIE|2022-02-18
|8|CAT|15|NIE|INDOOR|TAK|2022-02-18
|17|CAT|2|TAK|ANY|TAK|2022-02-18
|18|CAT|18|NIE|ANY|TAK|2022-02-18
|20|CAT|9|NIE|ANY|NIE|2022-02-18
|22|CAT|16|TAK|INDOOR|TAK|2022-02-18
|23|CAT|1|TAK|ANY|NIE|2022-02-18
|25|DOG|13|NIE|INDOOR|NIE|2022-02-18
|26|DOG|4|NIE|INDOOR|TAK|2022-02-18
|29|CAT|16|NIE|OUTDOOR|TAK|2022-02-18
|31|CAT|17|TAK|INDOOR|TAK|2022-02-18
|33|CAT|2|TAK|INDOOR|NIE|2022-02-18
|34|CAT|10|TAK|ANY|NIE|2022-02-18
|4|DOG|5|TAK|INDOOR|TAK|2022-02-19
|7|DOG|5|TAK|INDOOR|TAK|2022-02-19
|9|CAT|6|NIE|OUTDOOR|NIE|2022-02-19
|10|CAT|10|TAK|ANY|NIE|2022-02-19
|13|DOG|3|NIE|INDOOR|NIE|2022-02-19
|16|CAT|10|TAK|ANY|TAK|2022-02-19
|17|DOG|9|TAK|OUTDOOR|TAK|2022-02-19
|19|CAT|17|TAK|ANY|TAK|2022-02-19
|20|DOG|14|TAK|ANY|NIE|2022-02-19
|21|DOG|9|TAK|OUTDOOR|TAK|2022-02-19
|24|DOG|15|NIE|OUTDOOR|NIE|2022-02-19
|29|DOG|4|NIE|ANY|NIE|2022-02-19
|30|DOG|19|TAK|ANY|NIE|2022-02-19
|31|CAT|14|TAK|INDOOR|TAK|2022-02-19
|32|DOG|18|TAK|OUTDOOR|TAK|2022-02-19
|33|DOG|19|TAK|INDOOR|NIE|2022-02-19
|36|CAT|10|NIE|OUTDOOR|TAK|2022-02-19
|37|DOG|13|TAK|OUTDOOR|NIE|2022-02-19
|38|DOG|1|NIE|ANY|NIE|2022-02-19
|39|DOG|0|NIE|ANY|NIE|2022-02-19
|2|DOG|5|NIE|ANY|TAK|2022-02-20
|3|DOG|7|TAK|INDOOR|NIE|2022-02-20
|5|DOG|2|NIE|ANY|NIE|2022-02-20
|6|DOG|13|TAK|OUTDOOR|TAK|2022-02-20
|8|CAT|18|NIE|OUTDOOR|NIE|2022-02-20
|12|DOG|17|TAK|OUTDOOR|NIE|2022-02-20
|15|DOG|16|TAK|ANY|NIE|2022-02-20
|16|DOG|16|NIE|INDOOR|NIE|2022-02-20
|18|CAT|16|TAK|INDOOR|TAK|2022-02-20
|19|DOG|2|NIE|OUTDOOR|NIE|2022-02-20
|21|CAT|16|TAK|INDOOR|NIE|2022-02-20
|22|CAT|13|NIE|ANY|NIE|2022-02-20
|26|CAT|14|NIE|ANY|NIE|2022-02-20
|30|CAT|13|NIE|INDOOR|TAK|2022-02-20
|33|DOG|3|NIE|ANY|NIE|2022-02-20
|34|CAT|6|TAK|ANY|TAK|2022-02-20
|35|DOG|17|NIE|OUTDOOR|TAK|2022-02-20
|36|CAT|0|TAK|INDOOR|TAK|2022-02-20
|37|DOG|8|NIE|OUTDOOR|TAK|2022-02-20
|39|CAT|17|NIE|INDOOR|TAK|2022-02-20
|40|CAT|17|NIE|ANY|NIE|2022-02-20
|41|DOG|5|NIE|ANY|TAK|2022-02-20
|42|DOG|2|NIE|OUTDOOR|NIE|2022-02-20
|43|CAT|12|TAK|INDOOR|NIE|2022-02-20
|44|DOG|3|NIE|ANY|NIE|2022-02-20
|2|DOG|15|NIE|OUTDOOR|TAK|2022-02-21
|3|DOG|4|TAK|ANY|TAK|2022-02-21
|4|DOG|4|TAK|ANY|NIE|2022-02-21
|5|CAT|15|TAK|OUTDOOR|TAK|2022-02-21
|7|CAT|17|TAK|ANY|NIE|2022-02-21
|9|CAT|14|NIE|OUTDOOR|TAK|2022-02-21
|10|DOG|16|NIE|OUTDOOR|TAK|2022-02-21
|11|DOG|15|NIE|OUTDOOR|NIE|2022-02-21
|17|CAT|5|NIE|INDOOR|TAK|2022-02-21
|18|CAT|9|TAK|INDOOR|NIE|2022-02-21
|19|CAT|9|TAK|OUTDOOR|NIE|2022-02-21
|20|DOG|13|TAK|ANY|NIE|2022-02-21
|21|DOG|13|NIE|ANY|NIE|2022-02-21
|22|DOG|19|NIE|OUTDOOR|NIE|2022-02-21
|23|DOG|8|NIE|ANY|NIE|2022-02-21
|25|CAT|16|TAK|ANY|TAK|2022-02-21
|26|DOG|4|NIE|OUTDOOR|TAK|2022-02-21
|28|CAT|10|NIE|OUTDOOR|TAK|2022-02-21
|30|DOG|2|TAK|ANY|NIE|2022-02-21
|31|CAT|7|TAK|OUTDOOR|NIE|2022-02-21
|35|CAT|17|NIE|OUTDOOR|NIE|2022-02-21
|36|DOG|16|TAK|OUTDOOR|TAK|2022-02-21
|37|DOG|14|TAK|ANY|TAK|2022-02-21
|38|CAT|19|TAK|ANY|NIE|2022-02-21
|41|CAT|14|NIE|ANY|TAK|2022-02-21
|42|CAT|13|TAK|OUTDOOR|TAK|2022-02-21
|44|DOG|6|TAK|INDOOR|TAK|2022-02-21
|45|CAT|4|TAK|ANY|TAK|2022-02-21
|46|CAT|1|TAK|OUTDOOR|TAK|2022-02-21
|47|CAT|1|NIE|INDOOR|TAK|2022-02-21
|48|DOG|1|TAK|INDOOR|NIE|2022-02-21
|49|CAT|15|TAK|ANY|TAK|2022-02-21
|50|CAT|2|TAK|ANY|NIE|2022-02-21
|6|CAT|18|NIE|INDOOR|NIE|2022-02-22
|7|DOG|16|NIE|OUTDOOR|TAK|2022-02-22
|8|CAT|17|NIE|OUTDOOR|NIE|2022-02-22
|9|DOG|1|TAK|INDOOR|NIE|2022-02-22
|10|DOG|7|NIE|OUTDOOR|NIE|2022-02-22
|16|CAT|1|NIE|OUTDOOR|TAK|2022-02-22
|17|DOG|9|NIE|OUTDOOR|TAK|2022-02-22
|22|CAT|19|NIE|ANY|TAK|2022-02-22
|23|CAT|6|TAK|ANY|TAK|2022-02-22
|24|DOG|6|TAK|INDOOR|NIE|2022-02-22
|28|DOG|9|TAK|OUTDOOR|NIE|2022-02-22
|30|CAT|13|TAK|OUTDOOR|TAK|2022-02-22
|38|CAT|10|TAK|INDOOR|NIE|2022-02-22
|40|DOG|5|TAK|ANY|NIE|2022-02-22
|44|DOG|4|NIE|OUTDOOR|NIE|2022-02-22
|46|DOG|15|TAK|INDOOR|TAK|2022-02-22
|50|CAT|4|NIE|ANY|TAK|2022-02-22
|51|DOG|15|NIE|OUTDOOR|NIE|2022-02-22
|52|DOG|16|NIE|ANY|NIE|2022-02-22
|53|CAT|1|NIE|ANY|TAK|2022-02-22
|54|DOG|9|TAK|OUTDOOR|TAK|2022-02-22
|55|CAT|11|NIE|INDOOR|NIE|2022-02-22
|4|DOG|9|NIE|OUTDOOR|NIE|2022-02-23
|5|CAT|0|TAK|INDOOR|TAK|2022-02-23
|10|CAT|9|NIE|ANY|TAK|2022-02-23
|11|DOG|7|TAK|INDOOR|NIE|2022-02-23
|13|DOG|4|NIE|OUTDOOR|NIE|2022-02-23
|16|CAT|1|NIE|INDOOR|TAK|2022-02-23
|18|CAT|1|TAK|INDOOR|TAK|2022-02-23
|23|DOG|14|NIE|OUTDOOR|TAK|2022-02-23
|25|CAT|16|TAK|ANY|NIE|2022-02-23
|26|CAT|0|NIE|ANY|TAK|2022-02-23
|28|DOG|17|NIE|OUTDOOR|TAK|2022-02-23
|29|CAT|10|NIE|INDOOR|NIE|2022-02-23
|34|CAT|10|NIE|OUTDOOR|TAK|2022-02-23
|38|DOG|6|TAK|OUTDOOR|NIE|2022-02-23
|39|DOG|9|NIE|INDOOR|NIE|2022-02-23
|44|DOG|10|NIE|OUTDOOR|NIE|2022-02-23
|47|CAT|8|NIE|ANY|NIE|2022-02-23
|48|CAT|2|NIE|INDOOR|NIE|2022-02-23
|52|CAT|11|NIE|INDOOR|TAK|2022-02-23
|53|DOG|15|TAK|OUTDOOR|NIE|2022-02-23
|55|DOG|5|NIE|OUTDOOR|NIE|2022-02-23
|56|CAT|18|NIE|ANY|NIE|2022-02-23
|57|DOG|18|TAK|INDOOR|NIE|2022-02-23
|58|CAT|15|TAK|OUTDOOR|NIE|2022-02-23
|59|CAT|13|TAK|ANY|NIE|2022-02-23
|60|CAT|6|NIE|INDOOR|NIE|2022-02-23
|1|CAT|3|TAK|ANY|TAK|2022-02-24
|10|DOG|8|NIE|ANY|TAK|2022-02-24
|11|CAT|10|TAK|ANY|TAK|2022-02-24
|12|DOG|10|TAK|ANY|NIE|2022-02-24
|13|DOG|3|TAK|ANY|TAK|2022-02-24
|15|DOG|17|NIE|ANY|NIE|2022-02-24
|21|CAT|16|TAK|INDOOR|NIE|2022-02-24
|28|DOG|15|TAK|OUTDOOR|TAK|2022-02-24
|30|DOG|2|NIE|OUTDOOR|NIE|2022-02-24
|31|DOG|8|NIE|INDOOR|TAK|2022-02-24
|34|DOG|16|NIE|INDOOR|NIE|2022-02-24
|43|CAT|14|TAK|INDOOR|TAK|2022-02-24
|45|CAT|5|TAK|OUTDOOR|TAK|2022-02-24
|48|DOG|8|TAK|INDOOR|NIE|2022-02-24
|52|DOG|13|TAK|ANY|TAK|2022-02-24
|55|CAT|7|TAK|OUTDOOR|TAK|2022-02-24
|57|CAT|4|TAK|INDOOR|NIE|2022-02-24
|58|DOG|15|NIE|ANY|TAK|2022-02-24
|61|DOG|17|TAK|ANY|TAK|2022-02-24
|62|DOG|7|NIE|ANY|NIE|2022-02-24
|63|CAT|12|TAK|ANY|NIE|2022-02-24
|64|DOG|12|TAK|ANY|TAK|2022-02-24
|65|CAT|11|TAK|OUTDOOR|TAK|2022-02-24
|66|DOG|9|TAK|INDOOR|TAK|2022-02-24
|2|CAT|0|NIE|OUTDOOR|TAK|2022-02-25
|4|DOG|1|NIE|OUTDOOR|NIE|2022-02-25
|5|CAT|13|NIE|ANY|NIE|2022-02-25
|10|DOG|11|TAK|OUTDOOR|NIE|2022-02-25
|14|CAT|10|NIE|OUTDOOR|NIE|2022-02-25
|15|CAT|5|NIE|ANY|NIE|2022-02-25
|21|CAT|7|TAK|ANY|TAK|2022-02-25
|23|CAT|1|TAK|INDOOR|TAK|2022-02-25
|29|CAT|11|NIE|OUTDOOR|NIE|2022-02-25
|32|DOG|18|TAK|INDOOR|TAK|2022-02-25
|41|DOG|1|NIE|ANY|TAK|2022-02-25
|44|CAT|8|TAK|INDOOR|NIE|2022-02-25
|45|DOG|2|TAK|INDOOR|TAK|2022-02-25
|47|DOG|3|TAK|ANY|NIE|2022-02-25
|48|DOG|8|NIE|ANY|TAK|2022-02-25
|54|CAT|3|NIE|OUTDOOR|NIE|2022-02-25
|55|CAT|12|NIE|ANY|TAK|2022-02-25
|56|DOG|18|TAK|ANY|TAK|2022-02-25
|57|CAT|17|TAK|OUTDOOR|TAK|2022-02-25
|59|CAT|0|TAK|INDOOR|TAK|2022-02-25
|64|CAT|10|TAK|ANY|NIE|2022-02-25
|67|DOG|14|NIE|INDOOR|TAK|2022-02-25
|68|DOG|11|NIE|ANY|TAK|2022-02-25
|1|CAT|19|TAK|OUTDOOR|TAK|2022-02-26
|2|CAT|0|NIE|ANY|TAK|2022-02-26
|5|DOG|1|TAK|OUTDOOR|NIE|2022-02-26
|15|CAT|12|NIE|INDOOR|NIE|2022-02-26
|16|DOG|0|NIE|ANY|TAK|2022-02-26
|18|CAT|18|TAK|OUTDOOR|TAK|2022-02-26
|22|DOG|6|NIE|INDOOR|TAK|2022-02-26
|24|CAT|11|TAK|OUTDOOR|NIE|2022-02-26
|25|DOG|9|NIE|OUTDOOR|NIE|2022-02-26
|28|CAT|2|TAK|ANY|NIE|2022-02-26
|37|CAT|11|NIE|OUTDOOR|NIE|2022-02-26
|38|CAT|6|NIE|ANY|TAK|2022-02-26
|41|CAT|13|NIE|ANY|TAK|2022-02-26
|49|DOG|11|TAK|INDOOR|NIE|2022-02-26
|58|DOG|3|TAK|INDOOR|NIE|2022-02-26
|61|CAT|9|TAK|OUTDOOR|NIE|2022-02-26
|63|CAT|1|TAK|INDOOR|NIE|2022-02-26
|1|CAT|3|TAK|OUTDOOR|TAK|2022-02-27
|2|CAT|9|NIE|ANY|TAK|2022-02-27
|8|CAT|16|TAK|INDOOR|NIE|2022-02-27
|9|DOG|14|TAK|INDOOR|NIE|2022-02-27
|12|CAT|9|NIE|OUTDOOR|TAK|2022-02-27
|14|DOG|5|TAK|OUTDOOR|NIE|2022-02-27
|15|CAT|12|TAK|OUTDOOR|TAK|2022-02-27
|18|DOG|7|NIE|OUTDOOR|NIE|2022-02-27
|21|CAT|6|NIE|OUTDOOR|NIE|2022-02-27
|23|DOG|13|TAK|INDOOR|TAK|2022-02-27
|32|CAT|10|NIE|OUTDOOR|NIE|2022-02-27
|35|CAT|14|TAK|OUTDOOR|NIE|2022-02-27
|37|CAT|11|NIE|ANY|TAK|2022-02-27
|41|DOG|4|NIE|OUTDOOR|TAK|2022-02-27
|42|DOG|9|NIE|INDOOR|TAK|2022-02-27
|47|CAT|3|TAK|ANY|TAK|2022-02-27
|48|DOG|16|NIE|INDOOR|NIE|2022-02-27
|52|DOG|8|TAK|ANY|NIE|2022-02-27
|53|DOG|3|TAK|OUTDOOR|TAK|2022-02-27
|55|CAT|19|TAK|INDOOR|TAK|2022-02-27
|59|CAT|6|TAK|ANY|TAK|2022-02-27
|60|CAT|9|NIE|ANY|TAK|2022-02-27
|6|CAT|15|NIE|ANY|TAK|2022-02-28
|7|CAT|17|NIE|OUTDOOR|NIE|2022-02-28
|8|CAT|17|TAK|ANY|TAK|2022-02-28
|9|DOG|10|NIE|INDOOR|NIE|2022-02-28
|10|CAT|4|TAK|OUTDOOR|TAK|2022-02-28
|13|CAT|11|NIE|ANY|TAK|2022-02-28
|17|DOG|17|NIE|INDOOR|NIE|2022-02-28
|24|DOG|10|TAK|ANY|NIE|2022-02-28
|25|DOG|3|NIE|INDOOR|NIE|2022-02-28
|26|DOG|5|NIE|INDOOR|NIE|2022-02-28
|29|DOG|15|NIE|OUTDOOR|TAK|2022-02-28
|30|DOG|4|NIE|ANY|NIE|2022-02-28
|31|DOG|8|NIE|INDOOR|TAK|2022-02-28
|33|DOG|0|NIE|ANY|TAK|2022-02-28
|34|CAT|9|TAK|ANY|TAK|2022-02-28
|35|DOG|12|NIE|OUTDOOR|TAK|2022-02-28
|40|DOG|17|NIE|ANY|NIE|2022-02-28
|46|CAT|0|NIE|INDOOR|NIE|2022-02-28
|48|DOG|1|TAK|ANY|NIE|2022-02-28
|57|CAT|4|TAK|OUTDOOR|TAK|2022-02-28
|62|DOG|3|NIE|OUTDOOR|TAK|2022-02-28
|63|CAT|9|TAK|INDOOR|TAK|2022-02-28
|64|CAT|1|TAK|OUTDOOR|NIE|2022-02-28
|68|CAT|3|NIE|OUTDOOR|NIE|2022-02-28
|6|CAT|12|TAK|INDOOR|TAK|2022-03-01
|12|CAT|12|TAK|OUTDOOR|TAK|2022-03-01
|13|DOG|5|NIE|OUTDOOR|NIE|2022-03-01
|14|CAT|11|NIE|INDOOR|NIE|2022-03-01
|16|DOG|3|NIE|OUTDOOR|NIE|2022-03-01
|17|DOG|9|NIE|ANY|TAK|2022-03-01
|19|DOG|10|NIE|OUTDOOR|NIE|2022-03-01
|27|DOG|12|TAK|ANY|TAK|2022-03-01
|29|CAT|12|NIE|OUTDOOR|TAK|2022-03-01
|32|CAT|18|NIE|INDOOR|NIE|2022-03-01
|34|DOG|11|NIE|OUTDOOR|TAK|2022-03-01
|39|CAT|2|TAK|INDOOR|NIE|2022-03-01
|40|CAT|13|TAK|ANY|NIE|2022-03-01
|43|DOG|14|NIE|INDOOR|NIE|2022-03-01
|44|CAT|15|NIE|INDOOR|NIE|2022-03-01
|48|DOG|13|TAK|ANY|TAK|2022-03-01
|49|DOG|18|NIE|ANY|TAK|2022-03-01
|57|CAT|2|NIE|OUTDOOR|NIE|2022-03-01
|61|DOG|5|TAK|INDOOR|TAK|2022-03-01
|64|DOG|7|NIE|ANY|NIE|2022-03-01
|65|CAT|8|NIE|OUTDOOR|TAK|2022-03-01
|67|DOG|15|NIE|INDOOR|NIE|2022-03-01
|4|DOG|13|NIE|ANY|TAK|2022-03-02
|11|CAT|16|TAK|OUTDOOR|TAK|2022-03-02
|16|CAT|14|TAK|INDOOR|NIE|2022-03-02
|20|DOG|1|TAK|OUTDOOR|NIE|2022-03-02
|22|CAT|12|NIE|INDOOR|TAK|2022-03-02
|25|CAT|11|NIE|ANY|NIE|2022-03-02
|30|CAT|18|NIE|OUTDOOR|NIE|2022-03-02
|31|DOG|12|TAK|INDOOR|NIE|2022-03-02
|32|DOG|3|TAK|INDOOR|NIE|2022-03-02
|33|DOG|15|TAK|INDOOR|TAK|2022-03-02
|34|DOG|3|TAK|ANY|TAK|2022-03-02
|35|DOG|17|NIE|INDOOR|NIE|2022-03-02
|36|DOG|2|TAK|ANY|NIE|2022-03-02
|41|DOG|11|TAK|ANY|NIE|2022-03-02
|52|DOG|7|NIE|OUTDOOR|TAK|2022-03-02
|58|DOG|5|NIE|OUTDOOR|TAK|2022-03-02
|66|CAT|10|NIE|ANY|TAK|2022-03-02
|67|DOG|4|NIE|INDOOR|NIE|2022-03-02
|69|DOG|14|TAK|INDOOR|TAK|2022-03-02
|70|DOG|19|NIE|INDOOR|NIE|2022-03-02
|71|CAT|11|NIE|INDOOR|NIE|2022-03-02
|72|DOG|9|NIE|INDOOR|NIE|2022-03-02
|73|DOG|16|NIE|INDOOR|NIE|2022-03-02
|74|CAT|13|NIE|OUTDOOR|NIE|2022-03-02
|1|DOG|13|NIE|OUTDOOR|NIE|2022-03-03
|3|DOG|5|NIE|OUTDOOR|NIE|2022-03-03
|7|DOG|10|NIE|OUTDOOR|NIE|2022-03-03
|10|CAT|4|NIE|OUTDOOR|TAK|2022-03-03
|12|DOG|10|TAK|ANY|TAK|2022-03-03
|17|CAT|19|NIE|ANY|TAK|2022-03-03
|19|CAT|0|NIE|OUTDOOR|NIE|2022-03-03
|20|DOG|6|NIE|ANY|TAK|2022-03-03
|22|CAT|17|NIE|ANY|TAK|2022-03-03
|25|DOG|0|TAK|INDOOR|NIE|2022-03-03
|31|CAT|12|NIE|INDOOR|NIE|2022-03-03
|45|DOG|10|NIE|ANY|NIE|2022-03-03
|55|CAT|4|NIE|ANY|NIE|2022-03-03
|57|CAT|15|TAK|OUTDOOR|TAK|2022-03-03
|60|DOG|16|TAK|ANY|TAK|2022-03-03
|61|DOG|19|NIE|INDOOR|NIE|2022-03-03
|62|CAT|2|TAK|ANY|NIE|2022-03-03
|70|DOG|19|NIE|OUTDOOR|TAK|2022-03-03
|74|CAT|19|TAK|INDOOR|NIE|2022-03-03
|7|CAT|11|NIE|OUTDOOR|TAK|2022-03-04
|12|CAT|0|TAK|OUTDOOR|TAK|2022-03-04
|13|CAT|3|TAK|ANY|TAK|2022-03-04
|18|CAT|16|TAK|INDOOR|NIE|2022-03-04
|21|DOG|4|TAK|OUTDOOR|TAK|2022-03-04
|22|DOG|15|TAK|ANY|NIE|2022-03-04
|26|DOG|12|NIE|INDOOR|TAK|2022-03-04
|27|CAT|12|TAK|OUTDOOR|TAK|2022-03-04
|28|DOG|13|TAK|OUTDOOR|TAK|2022-03-04
|31|DOG|7|NIE|ANY|TAK|2022-03-04
|39|DOG|14|TAK|INDOOR|NIE|2022-03-04
|42|CAT|15|TAK|OUTDOOR|TAK|2022-03-04
|44|DOG|17|NIE|INDOOR|TAK|2022-03-04
|55|DOG|8|TAK|ANY|NIE|2022-03-04
|56|DOG|5|NIE|OUTDOOR|TAK|2022-03-04
|58|DOG|14|NIE|OUTDOOR|TAK|2022-03-04
|64|DOG|14|NIE|OUTDOOR|NIE|2022-03-04
|66|DOG|0|NIE|INDOOR|NIE|2022-03-04
|68|DOG|19|TAK|INDOOR|TAK|2022-03-04
|72|DOG|13|NIE|INDOOR|TAK|2022-03-04
|75|DOG|14|NIE|ANY|TAK|2022-03-04
|76|CAT|10|NIE|INDOOR|NIE|2022-03-04
|77|CAT|16|TAK|INDOOR|TAK|2022-03-04
|78|DOG|6|TAK|INDOOR|NIE|2022-03-04
|79|CAT|16|NIE|INDOOR|TAK|2022-03-04
|3|DOG|4|TAK|INDOOR|NIE|2022-03-05
|17|DOG|8|TAK|INDOOR|NIE|2022-03-05
|18|CAT|0|TAK|OUTDOOR|NIE|2022-03-05
|19|CAT|11|TAK|OUTDOOR|NIE|2022-03-05
|20|CAT|5|NIE|OUTDOOR|TAK|2022-03-05
|29|CAT|12|NIE|OUTDOOR|NIE|2022-03-05
|36|DOG|3|NIE|OUTDOOR|TAK|2022-03-05
|37|CAT|9|TAK|OUTDOOR|NIE|2022-03-05
|41|CAT|2|NIE|OUTDOOR|TAK|2022-03-05
|43|CAT|8|TAK|OUTDOOR|NIE|2022-03-05
|44|CAT|13|NIE|INDOOR|NIE|2022-03-05
|46|DOG|13|NIE|INDOOR|NIE|2022-03-05
|60|DOG|8|TAK|ANY|NIE|2022-03-05
|64|CAT|9|NIE|OUTDOOR|TAK|2022-03-05
|66|DOG|6|TAK|INDOOR|TAK|2022-03-05
|71|CAT|11|NIE|ANY|NIE|2022-03-05
|72|CAT|15|NIE|ANY|NIE|2022-03-05
|76|CAT|3|NIE|ANY|NIE|2022-03-05
|79|CAT|6|TAK|INDOOR|TAK|2022-03-05
|80|CAT|6|NIE|ANY|NIE|2022-03-05
|81|CAT|4|NIE|INDOOR|NIE|2022-03-05
|4|DOG|18|NIE|ANY|TAK|2022-03-06
|6|CAT|10|TAK|OUTDOOR|NIE|2022-03-06
|9|CAT|8|NIE|ANY|NIE|2022-03-06
|10|CAT|11|NIE|ANY|NIE|2022-03-06
|11|CAT|4|TAK|OUTDOOR|NIE|2022-03-06
|18|DOG|15|TAK|ANY|NIE|2022-03-06
|25|CAT|19|TAK|INDOOR|NIE|2022-03-06
|28|DOG|8|NIE|ANY|NIE|2022-03-06
|32|CAT|17|TAK|OUTDOOR|TAK|2022-03-06
|39|DOG|12|NIE|INDOOR|TAK|2022-03-06
|41|DOG|15|TAK|INDOOR|NIE|2022-03-06
|42|CAT|5|TAK|OUTDOOR|NIE|2022-03-06
|48|CAT|1|TAK|OUTDOOR|NIE|2022-03-06
|49|CAT|7|TAK|INDOOR|NIE|2022-03-06
|52|CAT|12|TAK|INDOOR|TAK|2022-03-06
|54|CAT|1|TAK|ANY|NIE|2022-03-06
|61|CAT|1|NIE|OUTDOOR|TAK|2022-03-06
|62|CAT|12|TAK|ANY|TAK|2022-03-06
|67|CAT|15|TAK|OUTDOOR|NIE|2022-03-06
|70|CAT|9|NIE|OUTDOOR|NIE|2022-03-06
|71|DOG|13|TAK|ANY|NIE|2022-03-06
|73|DOG|15|TAK|INDOOR|NIE|2022-03-06
|76|DOG|9|NIE|INDOOR|NIE|2022-03-06
|80|DOG|2|NIE|ANY|NIE|2022-03-06
|82|DOG|10|TAK|OUTDOOR|TAK|2022-03-06
|83|CAT|9|NIE|INDOOR|TAK|2022-03-06
|84|CAT|6|TAK|ANY|TAK|2022-03-06
|2|DOG|12|TAK|INDOOR|NIE|2022-03-07
|3|DOG|16|NIE|ANY|TAK|2022-03-07
|8|CAT|14|TAK|INDOOR|NIE|2022-03-07
|15|DOG|18|TAK|ANY|TAK|2022-03-07
|17|CAT|4|NIE|ANY|NIE|2022-03-07
|24|DOG|12|NIE|INDOOR|TAK|2022-03-07
|28|DOG|11|TAK|OUTDOOR|TAK|2022-03-07
|31|DOG|15|NIE|INDOOR|NIE|2022-03-07
|35|CAT|14|TAK|OUTDOOR|NIE|2022-03-07
|43|DOG|6|NIE|OUTDOOR|TAK|2022-03-07
|45|CAT|5|TAK|ANY|NIE|2022-03-07
|51|DOG|16|TAK|OUTDOOR|NIE|2022-03-07
|54|DOG|2|TAK|OUTDOOR|TAK|2022-03-07
|55|DOG|7|NIE|OUTDOOR|NIE|2022-03-07
|59|CAT|0|NIE|INDOOR|NIE|2022-03-07
|60|DOG|6|NIE|OUTDOOR|TAK|2022-03-07
|63|DOG|14|NIE|INDOOR|TAK|2022-03-07
|65|DOG|19|TAK|INDOOR|NIE|2022-03-07
|67|CAT|3|TAK|INDOOR|TAK|2022-03-07
|68|DOG|13|TAK|ANY|TAK|2022-03-07
|71|CAT|13|NIE|ANY|TAK|2022-03-07
|73|CAT|11|TAK|INDOOR|TAK|2022-03-07
|74|CAT|9|TAK|OUTDOOR|NIE|2022-03-07
|84|CAT|19|TAK|INDOOR|TAK|2022-03-07
|3|CAT|0|TAK|ANY|NIE|2022-03-08
|6|CAT|15|NIE|ANY|TAK|2022-03-08
|7|CAT|13|NIE|INDOOR|NIE|2022-03-08
|8|CAT|10|TAK|ANY|TAK|2022-03-08
|10|CAT|8|TAK|INDOOR|TAK|2022-03-08
|11|CAT|16|NIE|ANY|TAK|2022-03-08
|13|DOG|16|TAK|OUTDOOR|TAK|2022-03-08
|18|DOG|13|TAK|OUTDOOR|TAK|2022-03-08
|19|CAT|6|TAK|INDOOR|NIE|2022-03-08
|25|CAT|14|TAK|OUTDOOR|NIE|2022-03-08
|30|CAT|19|TAK|OUTDOOR|TAK|2022-03-08
|32|CAT|16|NIE|INDOOR|NIE|2022-03-08
|33|DOG|12|TAK|INDOOR|TAK|2022-03-08
|37|CAT|10|TAK|ANY|NIE|2022-03-08
|45|DOG|9|NIE|INDOOR|NIE|2022-03-08
|54|CAT|10|NIE|ANY|TAK|2022-03-08
|58|CAT|17|NIE|ANY|TAK|2022-03-08
|66|CAT|12|NIE|INDOOR|TAK|2022-03-08
|69|CAT|16|TAK|ANY|NIE|2022-03-08
|72|DOG|5|TAK|ANY|NIE|2022-03-08
|73|DOG|13|NIE|ANY|TAK|2022-03-08
|75|CAT|1|TAK|OUTDOOR|NIE|2022-03-08
|82|CAT|15|TAK|INDOOR|TAK|2022-03-08
|85|DOG|17|TAK|INDOOR|NIE|2022-03-08
|86|DOG|11|TAK|INDOOR|NIE|2022-03-08
|87|CAT|5|TAK|OUTDOOR|NIE|2022-03-08
|88|CAT|8|NIE|ANY|TAK|2022-03-08
|89|CAT|7|TAK|ANY|NIE|2022-03-08
|6|CAT|2|NIE|ANY|NIE|2022-03-09
|14|DOG|9|TAK|INDOOR|NIE|2022-03-09
|19|CAT|19|NIE|INDOOR|NIE|2022-03-09
|22|CAT|6|TAK|OUTDOOR|TAK|2022-03-09
|32|CAT|4|NIE|ANY|TAK|2022-03-09
|60|DOG|9|NIE|OUTDOOR|NIE|2022-03-09
|65|CAT|8|TAK|ANY|NIE|2022-03-09
|67|CAT|16|NIE|INDOOR|TAK|2022-03-09
|70|DOG|3|TAK|INDOOR|NIE|2022-03-09
|72|CAT|18|TAK|OUTDOOR|TAK|2022-03-09
|77|DOG|16|NIE|OUTDOOR|TAK|2022-03-09
|80|CAT|13|NIE|OUTDOOR|NIE|2022-03-09
|86|DOG|19|TAK|ANY|TAK|2022-03-09
|88|DOG|12|TAK|OUTDOOR|TAK|2022-03-09
|2|CAT|8|NIE|INDOOR|NIE|2022-03-10
|3|DOG|18|NIE|INDOOR|NIE|2022-03-10
|6|CAT|5|TAK|OUTDOOR|NIE|2022-03-10
|11|DOG|4|TAK|ANY|NIE|2022-03-10
|18|DOG|7|NIE|INDOOR|NIE|2022-03-10
|19|DOG|10|TAK|OUTDOOR|TAK|2022-03-10
|27|DOG|1|NIE|INDOOR|NIE|2022-03-10
|45|DOG|10|TAK|INDOOR|TAK|2022-03-10
|48|CAT|19|NIE|INDOOR|NIE|2022-03-10
|53|DOG|15|NIE|ANY|NIE|2022-03-10
|57|CAT|12|NIE|ANY|NIE|2022-03-10
|60|DOG|7|NIE|OUTDOOR|NIE|2022-03-10
|67|DOG|19|NIE|OUTDOOR|TAK|2022-03-10
|69|DOG|13|NIE|ANY|NIE|2022-03-10
|72|DOG|6|NIE|INDOOR|TAK|2022-03-10
|77|CAT|7|NIE|ANY|NIE|2022-03-10
|80|CAT|1|TAK|INDOOR|NIE|2022-03-10
|86|CAT|13|NIE|OUTDOOR|NIE|2022-03-10
|88|DOG|19|TAK|OUTDOOR|TAK|2022-03-10
|90|CAT|15|NIE|INDOOR|NIE|2022-03-10
|2|CAT|9|TAK|ANY|TAK|2022-03-11
|3|DOG|14|TAK|OUTDOOR|NIE|2022-03-11
|12|DOG|8|TAK|ANY|NIE|2022-03-11
|16|CAT|11|TAK|ANY|NIE|2022-03-11
|17|CAT|19|NIE|OUTDOOR|TAK|2022-03-11
|18|CAT|2|NIE|INDOOR|NIE|2022-03-11
|19|CAT|7|TAK|ANY|TAK|2022-03-11
|22|CAT|8|NIE|INDOOR|NIE|2022-03-11
|24|DOG|5|TAK|OUTDOOR|NIE|2022-03-11
|28|DOG|5|NIE|OUTDOOR|NIE|2022-03-11
|30|CAT|18|TAK|OUTDOOR|NIE|2022-03-11
|31|DOG|11|TAK|INDOOR|TAK|2022-03-11
|38|DOG|5|NIE|OUTDOOR|TAK|2022-03-11
|41|CAT|12|NIE|ANY|TAK|2022-03-11
|45|CAT|19|TAK|INDOOR|NIE|2022-03-11
|48|DOG|15|NIE|ANY|TAK|2022-03-11
|49|DOG|13|TAK|INDOOR|TAK|2022-03-11
|50|CAT|15|NIE|ANY|NIE|2022-03-11
|52|DOG|6|TAK|INDOOR|TAK|2022-03-11
|53|CAT|1|TAK|INDOOR|TAK|2022-03-11
|55|DOG|18|TAK|INDOOR|TAK|2022-03-11
|56|CAT|6|NIE|OUTDOOR|NIE|2022-03-11
|58|DOG|19|NIE|INDOOR|NIE|2022-03-11
|59|CAT|6|NIE|OUTDOOR|TAK|2022-03-11
|68|DOG|16|TAK|INDOOR|NIE|2022-03-11
|75|CAT|6|NIE|INDOOR|TAK|2022-03-11
|76|CAT|4|TAK|ANY|TAK|2022-03-11
|80|CAT|14|NIE|ANY|TAK|2022-03-11
|82|DOG|19|TAK|OUTDOOR|NIE|2022-03-11
|84|DOG|11|TAK|OUTDOOR|TAK|2022-03-11
|91|CAT|13|TAK|INDOOR|NIE|2022-03-11
|92|DOG|10|TAK|OUTDOOR|TAK|2022-03-11
|93|DOG|12|TAK|OUTDOOR|NIE|2022-03-11
|94|CAT|3|NIE|ANY|NIE|2022-03-11
|95|CAT|5|TAK|ANY|TAK|2022-03-11
|96|DOG|3|TAK|ANY|TAK|2022-03-11
|3|DOG|3|TAK|OUTDOOR|TAK|2022-03-12
|6|DOG|1|TAK|ANY|NIE|2022-03-12
|15|CAT|6|TAK|INDOOR|TAK|2022-03-12
|16|DOG|8|TAK|ANY|NIE|2022-03-12
|17|CAT|5|TAK|INDOOR|TAK|2022-03-12
|21|CAT|18|TAK|ANY|TAK|2022-03-12
|22|DOG|9|TAK|OUTDOOR|NIE|2022-03-12
|27|DOG|6|NIE|INDOOR|TAK|2022-03-12
|30|CAT|11|TAK|OUTDOOR|NIE|2022-03-12
|31|CAT|11|TAK|INDOOR|TAK|2022-03-12
|33|DOG|13|TAK|INDOOR|TAK|2022-03-12
|35|CAT|14|NIE|OUTDOOR|NIE|2022-03-12
|62|CAT|8|TAK|ANY|NIE|2022-03-12
|67|CAT|7|NIE|OUTDOOR|TAK|2022-03-12
|72|CAT|3|NIE|ANY|NIE|2022-03-12
|76|CAT|12|NIE|INDOOR|NIE|2022-03-12
|77|CAT|14|TAK|OUTDOOR|NIE|2022-03-12
|79|DOG|13|TAK|ANY|NIE|2022-03-12
|84|CAT|12|NIE|INDOOR|TAK|2022-03-12
|95|CAT|14|NIE|ANY|TAK|2022-03-12
|3|DOG|17|TAK|ANY|NIE|2022-03-13
|6|CAT|7|NIE|INDOOR|NIE|2022-03-13
|7|CAT|11|NIE|INDOOR|TAK|2022-03-13
|8|DOG|10|NIE|OUTDOOR|TAK|2022-03-13
|13|CAT|17|TAK|OUTDOOR|NIE|2022-03-13
|14|DOG|18|TAK|INDOOR|NIE|2022-03-13
|15|CAT|19|NIE|ANY|NIE|2022-03-13
|29|CAT|10|NIE|ANY|TAK|2022-03-13
|30|DOG|15|TAK|ANY|NIE|2022-03-13
|33|DOG|4|TAK|OUTDOOR|NIE|2022-03-13
|35|CAT|3|NIE|ANY|TAK|2022-03-13
|36|CAT|6|TAK|ANY|TAK|2022-03-13
|37|CAT|4|NIE|INDOOR|TAK|2022-03-13
|39|CAT|8|NIE|ANY|TAK|2022-03-13
|41|DOG|7|NIE|INDOOR|NIE|2022-03-13
|42|CAT|15|NIE|ANY|TAK|2022-03-13
|43|CAT|11|NIE|ANY|NIE|2022-03-13
|45|CAT|11|TAK|OUTDOOR|NIE|2022-03-13
|48|CAT|12|TAK|INDOOR|TAK|2022-03-13
|50|DOG|2|TAK|INDOOR|NIE|2022-03-13
|51|DOG|1|NIE|OUTDOOR|NIE|2022-03-13
|53|CAT|18|NIE|OUTDOOR|NIE|2022-03-13
|54|DOG|15|NIE|ANY|NIE|2022-03-13
|64|CAT|6|NIE|INDOOR|TAK|2022-03-13
|70|DOG|0|TAK|ANY|TAK|2022-03-13
|71|DOG|5|NIE|ANY|TAK|2022-03-13
|72|CAT|16|NIE|INDOOR|TAK|2022-03-13
|74|DOG|0|TAK|ANY|NIE|2022-03-13
|77|DOG|19|TAK|OUTDOOR|TAK|2022-03-13
|85|CAT|12|TAK|INDOOR|TAK|2022-03-13
|86|CAT|0|TAK|INDOOR|TAK|2022-03-13
|90|CAT|10|NIE|INDOOR|TAK|2022-03-13
|91|CAT|19|TAK|ANY|NIE|2022-03-13
|94|DOG|0|NIE|ANY|TAK|2022-03-13
|96|DOG|7|TAK|ANY|TAK|2022-03-13
|97|DOG|2|NIE|ANY|NIE|2022-03-13
|8|CAT|16|TAK|OUTDOOR|TAK|2022-03-14
|9|DOG|2|TAK|OUTDOOR|TAK|2022-03-14
|15|DOG|14|NIE|OUTDOOR|TAK|2022-03-14
|17|CAT|2|TAK|OUTDOOR|NIE|2022-03-14
|20|DOG|3|TAK|INDOOR|TAK|2022-03-14
|24|DOG|6|TAK|OUTDOOR|TAK|2022-03-14
|25|CAT|16|TAK|OUTDOOR|TAK|2022-03-14
|31|CAT|19|TAK|INDOOR|NIE|2022-03-14
|34|DOG|16|NIE|OUTDOOR|TAK|2022-03-14
|35|CAT|12|TAK|ANY|NIE|2022-03-14
|42|CAT|4|NIE|OUTDOOR|TAK|2022-03-14
|59|CAT|12|TAK|ANY|TAK|2022-03-14
|62|DOG|5|NIE|ANY|NIE|2022-03-14
|65|CAT|9|TAK|OUTDOOR|TAK|2022-03-14
|67|DOG|0|NIE|OUTDOOR|TAK|2022-03-14
|68|CAT|6|TAK|INDOOR|NIE|2022-03-14
|73|DOG|8|NIE|ANY|NIE|2022-03-14
|75|CAT|6|TAK|OUTDOOR|NIE|2022-03-14
|84|CAT|14|TAK|ANY|NIE|2022-03-14
|90|CAT|6|NIE|OUTDOOR|NIE|2022-03-14
|92|DOG|0|NIE|ANY|TAK|2022-03-14
|98|DOG|3|TAK|INDOOR|NIE|2022-03-14
|99|DOG|18|TAK|OUTDOOR|TAK|2022-03-14
|100|CAT|13|TAK|ANY|NIE|2022-03-14
|2|DOG|16|NIE|ANY|TAK|2022-03-15
|8|CAT|4|NIE|ANY|TAK|2022-03-15
|15|CAT|1|TAK|INDOOR|NIE|2022-03-15
|18|CAT|10|NIE|INDOOR|NIE|2022-03-15
|19|CAT|1|TAK|INDOOR|NIE|2022-03-15
|26|DOG|6|NIE|ANY|NIE|2022-03-15
|28|CAT|11|TAK|ANY|TAK|2022-03-15
|31|CAT|18|NIE|ANY|NIE|2022-03-15
|54|DOG|19|NIE|OUTDOOR|NIE|2022-03-15
|55|DOG|6|NIE|ANY|NIE|2022-03-15
|63|DOG|1|NIE|INDOOR|NIE|2022-03-15
|65|DOG|7|TAK|ANY|TAK|2022-03-15
|67|CAT|11|TAK|INDOOR|NIE|2022-03-15
|76|DOG|16|TAK|ANY|TAK|2022-03-15
|77|CAT|11|TAK|ANY|TAK|2022-03-15
|80|DOG|19|TAK|OUTDOOR|TAK|2022-03-15
|81|DOG|10|NIE|ANY|TAK|2022-03-15
|82|CAT|0|TAK|ANY|NIE|2022-03-15
|83|DOG|5|NIE|OUTDOOR|TAK|2022-03-15
|86|CAT|16|TAK|INDOOR|TAK|2022-03-15
|90|CAT|19|NIE|ANY|NIE|2022-03-15
|100|CAT|4|TAK|INDOOR|TAK|2022-03-15
|101|DOG|17|NIE|INDOOR|TAK|2022-03-15
|102|DOG|3|NIE|ANY|TAK|2022-03-15
|103|DOG|0|NIE|INDOOR|TAK|2022-03-15
|104|CAT|2|TAK|INDOOR|NIE|2022-03-15
|11|CAT|6|NIE|INDOOR|TAK|2022-03-16
|17|CAT|19|TAK|ANY|NIE|2022-03-16
|29|DOG|5|NIE|ANY|NIE|2022-03-16
|32|CAT|1|NIE|ANY|NIE|2022-03-16
|33|CAT|17|NIE|INDOOR|NIE|2022-03-16
|34|DOG|18|NIE|ANY|NIE|2022-03-16
|48|DOG|10|TAK|OUTDOOR|TAK|2022-03-16
|49|CAT|17|NIE|ANY|NIE|2022-03-16
|52|DOG|19|NIE|OUTDOOR|NIE|2022-03-16
|62|DOG|15|NIE|ANY|NIE|2022-03-16
|64|CAT|19|TAK|ANY|TAK|2022-03-16
|66|DOG|17|TAK|OUTDOOR|TAK|2022-03-16
|69|CAT|0|TAK|INDOOR|TAK|2022-03-16
|72|DOG|0|NIE|ANY|TAK|2022-03-16
|80|DOG|11|NIE|ANY|TAK|2022-03-16
|81|CAT|3|NIE|INDOOR|NIE|2022-03-16
|85|CAT|9|NIE|OUTDOOR|NIE|2022-03-16
|90|CAT|16|NIE|ANY|NIE|2022-03-16
|95|CAT|12|NIE|INDOOR|NIE|2022-03-16
|105|CAT|3|NIE|ANY|NIE|2022-03-16
|3|CAT|1|TAK|INDOOR|NIE|2022-03-17
|12|CAT|12|TAK|INDOOR|TAK|2022-03-17
|14|DOG|12|TAK|ANY|NIE|2022-03-17
|20|CAT|5|NIE|OUTDOOR|NIE|2022-03-17
|21|CAT|19|NIE|INDOOR|TAK|2022-03-17
|29|DOG|2|NIE|INDOOR|TAK|2022-03-17
|39|DOG|18|NIE|ANY|TAK|2022-03-17
|41|DOG|18|NIE|OUTDOOR|TAK|2022-03-17
|42|DOG|17|NIE|ANY|TAK|2022-03-17
|43|DOG|0|TAK|OUTDOOR|TAK|2022-03-17
|45|CAT|12|TAK|INDOOR|TAK|2022-03-17
|46|DOG|7|TAK|OUTDOOR|NIE|2022-03-17
|48|DOG|10|NIE|INDOOR|NIE|2022-03-17
|59|CAT|5|TAK|ANY|NIE|2022-03-17
|68|DOG|6|TAK|ANY|NIE|2022-03-17
|75|CAT|0|NIE|INDOOR|TAK|2022-03-17
|82|CAT|12|NIE|INDOOR|NIE|2022-03-17
|84|CAT|7|TAK|OUTDOOR|TAK|2022-03-17
|85|CAT|12|NIE|INDOOR|NIE|2022-03-17
|86|CAT|5|NIE|ANY|TAK|2022-03-17
|99|DOG|9|TAK|OUTDOOR|NIE|2022-03-17
|103|CAT|13|TAK|OUTDOOR|TAK|2022-03-17
|106|DOG|3|TAK|OUTDOOR|TAK|2022-03-17
|107|DOG|0|NIE|INDOOR|TAK|2022-03-17
|2|CAT|13|TAK|ANY|NIE|2022-03-18
|4|CAT|17|NIE|OUTDOOR|NIE|2022-03-18
|6|DOG|19|NIE|OUTDOOR|NIE|2022-03-18
|10|DOG|16|NIE|INDOOR|NIE|2022-03-18
|19|CAT|17|NIE|ANY|NIE|2022-03-18
|24|DOG|13|TAK|OUTDOOR|NIE|2022-03-18
|25|DOG|13|NIE|ANY|NIE|2022-03-18
|32|CAT|10|NIE|OUTDOOR|TAK|2022-03-18
|35|CAT|1|NIE|INDOOR|NIE|2022-03-18
|41|CAT|14|NIE|OUTDOOR|TAK|2022-03-18
|46|CAT|6|TAK|INDOOR|TAK|2022-03-18
|49|DOG|14|NIE|OUTDOOR|NIE|2022-03-18
|50|DOG|9|NIE|ANY|TAK|2022-03-18
|58|DOG|11|TAK|ANY|NIE|2022-03-18
|63|CAT|9|TAK|ANY|NIE|2022-03-18
|64|CAT|14|NIE|OUTDOOR|NIE|2022-03-18
|74|CAT|11|NIE|OUTDOOR|TAK|2022-03-18
|79|DOG|6|NIE|ANY|TAK|2022-03-18
|81|CAT|12|NIE|ANY|NIE|2022-03-18
|89|CAT|5|TAK|ANY|TAK|2022-03-18
|95|CAT|6|TAK|OUTDOOR|NIE|2022-03-18
|108|DOG|18|NIE|OUTDOOR|NIE|2022-03-18
|109|CAT|19|NIE|INDOOR|NIE|2022-03-18
|5|DOG|15|NIE|OUTDOOR|NIE|2022-03-19
|16|DOG|12|NIE|ANY|TAK|2022-03-19
|27|DOG|9|TAK|OUTDOOR|NIE|2022-03-19
|33|CAT|2|TAK|OUTDOOR|NIE|2022-03-19
|39|DOG|7|TAK|OUTDOOR|NIE|2022-03-19
|41|CAT|16|TAK|INDOOR|TAK|2022-03-19
|42|DOG|11|TAK|INDOOR|NIE|2022-03-19
|43|DOG|18|NIE|INDOOR|NIE|2022-03-19
|45|CAT|15|NIE|ANY|NIE|2022-03-19
|46|DOG|3|NIE|ANY|NIE|2022-03-19
|64|CAT|15|NIE|INDOOR|NIE|2022-03-19
|65|DOG|16|TAK|OUTDOOR|NIE|2022-03-19
|70|DOG|5|TAK|OUTDOOR|NIE|2022-03-19
|73|DOG|6|TAK|INDOOR|TAK|2022-03-19
|80|DOG|16|NIE|ANY|NIE|2022-03-19
|86|DOG|7|TAK|INDOOR|TAK|2022-03-19
|89|CAT|1|NIE|ANY|TAK|2022-03-19
|98|CAT|16|NIE|ANY|NIE|2022-03-19
|107|CAT|16|NIE|INDOOR|NIE|2022-03-19
|110|DOG|1|NIE|OUTDOOR|NIE|2022-03-19
|9|DOG|16|NIE|OUTDOOR|NIE|2022-03-20
|18|CAT|8|TAK|ANY|NIE|2022-03-20
|35|CAT|6|TAK|ANY|NIE|2022-03-20
|38|DOG|1|TAK|INDOOR|TAK|2022-03-20
|42|CAT|9|TAK|OUTDOOR|TAK|2022-03-20
|56|DOG|9|TAK|ANY|TAK|2022-03-20
|58|DOG|4|TAK|OUTDOOR|NIE|2022-03-20
|64|DOG|17|NIE|OUTDOOR|NIE|2022-03-20
|90|DOG|2|NIE|OUTDOOR|TAK|2022-03-20
|92|DOG|19|TAK|INDOOR|NIE|2022-03-20
|94|DOG|1|TAK|OUTDOOR|NIE|2022-03-20
|95|DOG|13|TAK|OUTDOOR|TAK|2022-03-20
|100|DOG|19|NIE|OUTDOOR|NIE|2022-03-20
|106|CAT|0|NIE|ANY|TAK|2022-03-20
|111|CAT|16|TAK|OUTDOOR|TAK|2022-03-20
|112|CAT|5|TAK|INDOOR|TAK|2022-03-20
|113|CAT|1|TAK|INDOOR|TAK|2022-03-20
|114|CAT|19|NIE|ANY|TAK|2022-03-20
|115|CAT|5|NIE|OUTDOOR|NIE|2022-03-20
|6|CAT|10|NIE|ANY|NIE|2022-03-21
|7|CAT|15|TAK|INDOOR|TAK|2022-03-21
|18|DOG|17|NIE|OUTDOOR|TAK|2022-03-21
|22|DOG|14|TAK|INDOOR|NIE|2022-03-21
|29|DOG|13|TAK|ANY|NIE|2022-03-21
|40|DOG|7|NIE|INDOOR|NIE|2022-03-21
|42|DOG|3|TAK|INDOOR|NIE|2022-03-21
|49|DOG|18|NIE|OUTDOOR|TAK|2022-03-21
|53|DOG|5|TAK|OUTDOOR|TAK|2022-03-21
|63|CAT|10|NIE|INDOOR|NIE|2022-03-21
|69|CAT|17|NIE|ANY|TAK|2022-03-21
|71|DOG|11|TAK|OUTDOOR|NIE|2022-03-21
|72|CAT|0|NIE|ANY|NIE|2022-03-21
|91|CAT|18|NIE|ANY|TAK|2022-03-21
|115|CAT|19|NIE|ANY|NIE|2022-03-21
|3|DOG|0|TAK|INDOOR|TAK|2022-03-22
|6|CAT|10|NIE|INDOOR|NIE|2022-03-22
|8|CAT|10|NIE|INDOOR|TAK|2022-03-22
|11|CAT|11|TAK|OUTDOOR|NIE|2022-03-22
|12|DOG|7|NIE|OUTDOOR|TAK|2022-03-22
|13|DOG|11|NIE|OUTDOOR|NIE|2022-03-22
|14|DOG|9|TAK|OUTDOOR|TAK|2022-03-22
|15|DOG|9|TAK|ANY|NIE|2022-03-22
|18|CAT|12|TAK|ANY|TAK|2022-03-22
|19|CAT|16|NIE|OUTDOOR|TAK|2022-03-22
|21|CAT|16|NIE|ANY|NIE|2022-03-22
|24|DOG|16|NIE|OUTDOOR|TAK|2022-03-22
|47|CAT|18|TAK|OUTDOOR|TAK|2022-03-22
|52|DOG|1|TAK|INDOOR|NIE|2022-03-22
|60|DOG|15|NIE|ANY|TAK|2022-03-22
|65|DOG|6|TAK|INDOOR|NIE|2022-03-22
|66|DOG|4|TAK|OUTDOOR|TAK|2022-03-22
|76|DOG|7|NIE|OUTDOOR|TAK|2022-03-22
|89|CAT|12|TAK|INDOOR|NIE|2022-03-22
|101|DOG|4|NIE|OUTDOOR|NIE|2022-03-22
|102|DOG|1|NIE|INDOOR|NIE|2022-03-22
|105|DOG|15|NIE|INDOOR|NIE|2022-03-22
|113|DOG|10|NIE|OUTDOOR|TAK|2022-03-22
|9|DOG|13|NIE|OUTDOOR|TAK|2022-03-23
|10|CAT|9|TAK|OUTDOOR|TAK|2022-03-23
|30|DOG|4|TAK|ANY|TAK|2022-03-23
|33|DOG|14|TAK|ANY|TAK|2022-03-23
|35|DOG|18|NIE|INDOOR|TAK|2022-03-23
|36|DOG|14|NIE|ANY|TAK|2022-03-23
|43|CAT|16|TAK|ANY|NIE|2022-03-23
|51|CAT|9|NIE|INDOOR|TAK|2022-03-23
|54|DOG|3|NIE|OUTDOOR|TAK|2022-03-23
|56|CAT|16|TAK|OUTDOOR|TAK|2022-03-23
|57|DOG|7|NIE|INDOOR|TAK|2022-03-23
|64|CAT|6|TAK|OUTDOOR|TAK|2022-03-23
|67|CAT|10|TAK|INDOOR|TAK|2022-03-23
|71|DOG|18|NIE|ANY|NIE|2022-03-23
|72|DOG|5|NIE|ANY|NIE|2022-03-23
|78|CAT|12|NIE|INDOOR|NIE|2022-03-23
|93|CAT|11|NIE|OUTDOOR|NIE|2022-03-23
|94|DOG|11|TAK|ANY|NIE|2022-03-23
|102|DOG|3|NIE|OUTDOOR|TAK|2022-03-23
|105|DOG|5|TAK|ANY|NIE|2022-03-23
|111|CAT|13|TAK|INDOOR|TAK|2022-03-23
|116|CAT|18|TAK|ANY|NIE|2022-03-23
|117|DOG|1|NIE|OUTDOOR|NIE|2022-03-23
|118|CAT|6|NIE|INDOOR|TAK|2022-03-23
